{"oxygen": {"masskg": 2.656017605915586e-26, "charge": 1.2817411696e-18, "massMeV": 14899.167693132647, "isotope": "O16", "masseV": 14899167693.132647}, "magensium": {"masskg": 3.9828091958625247e-26, "charge": 1.9226117544e-18, "massMeV": 22341.923474731855, "isotope": "Mg24", "masseV": 22341923474.731857}, "neon": {"masskg": 3.3198222281312317e-26, "charge": 1.602176462e-18, "massMeV": 18622.83893681709, "isotope": "Ne20", "masseV": 18622838936.81709}, "proton": {"masskg": 1.67262161014169e-27, "charge": 1.602176462e-19, "massMeV": 938.2720130000001, "isotope": "proton", "masseV": 938272013.0}, "silicon": {"masskg": 4.6456771540910534e-26, "charge": 2.2430470468000003e-18, "massMeV": 26060.340418224507, "isotope": "Si28", "masseV": 26060340418.22451}, "iron": {"masskg": 9.288213305253315e-26, "charge": 4.1656588012e-18, "massMeV": 52103.0611003236, "isotope": "Fe56", "masseV": 52103061100.3236}, "carbon": {"masskg": 1.9926465397952716e-26, "charge": 9.613058772e-19, "massMeV": 11177.928521040774, "isotope": "C12", "masseV": 11177928521.040775}, "helium": {"masskg": 6.64465620129479e-27, "charge": 3.204352924e-19, "massMeV": 3727.3791704470823, "isotope": "He4", "masseV": 3727379170.4470825}}